,YTest,Predictions,Error,Mod,
0,1118047.991,1194183.195,-76135.204,76135.204,
1,1326946.725,1186927.184,140019.5415,140019.5415,
2,1053484.869,1046823.393,6661.476673,6661.476673,
3,759044.688,828460.3988,-69415.71082,69415.71082,
4,1381117.701,1485869.59,-104751.8884,104751.8884,
5,704884.1544,542507.2929,162376.8615,162376.8615,
6,2332110.74,2477496.677,-145385.9369,145385.9369,
7,1548322.501,1450949.727,97372.77374,97372.77374,
8,1453108.794,1321986.218,131122.5761,131122.5761,
9,1113570.852,1138373.478,-24802.62592,24802.62592,
10,1301935.92,1376172.316,-74236.39581,74236.39581,
11,1641473.662,1723170.12,-81696.45716,81696.45716,
12,1577017.76,1374499.019,202518.7412,202518.7412,
13,569876.7749,518758.4369,51118.33799,51118.33799,
14,1297619.348,1415036.251,-117416.903,117416.903,
15,867444.7049,1072894.848,-205450.1433,205450.1433,
16,1012321.574,957092.9446,55228.62926,55228.62926,
17,1200060.662,1125246.821,74813.84118,74813.84118,
18,1188416.806,1280930.938,-92514.13181,92514.13181,
19,994897.7278,1006884.302,-11986.57469,11986.57469,
20,868435.275,787987.9037,80447.37131,80447.37131,
21,1166336.259,1069534.331,96801.92869,96801.92869,
22,1312637.288,1288431.58,24205.70824,24205.70824,
23,1073350.044,1055756.595,17593.44944,17593.44944,
24,1153135.22,1250133.963,-96998.7431,96998.7431,
25,1603268.211,1449842.308,153425.9035,153425.9035,
26,395523.2461,372416.5613,23106.68479,23106.68479,
27,1324377.609,1276280.213,48097.39564,48097.39564,
28,1449409.436,1204371.523,245037.913,245037.913,
29,1557794.021,1502317.907,55476.11463,55476.11463,
30,1644242.024,1634011.929,10230.0949,10230.0949,
31,1637259.999,1580149.734,57110.26435,57110.26435,
32,1663509.393,1494701.777,168807.6158,168807.6158,
33,321058.9607,377938.859,-56879.89828,56879.89828,
34,1696785.902,1816006.716,-119220.8139,119220.8139,
35,1308017.314,1217608.408,90408.906,90408.906,
36,1382810.706,1559929.96,-177119.2548,177119.2548,
37,1031737.385,1069135.124,-37397.73888,37397.73888,
38,1029861.623,1233916.086,-204054.4628,204054.4628,
39,1269811.089,1077537.194,192273.8953,192273.8953,
40,1084011.704,1007938.732,76072.97269,76072.97269,
41,1900999.546,1792041.002,108958.5443,108958.5443,
42,977242.2697,1037261.683,-60019.41284,60019.41284,
43,1471031.421,1437499.464,33531.95642,33531.95642,
44,815190.6526,831487.5254,-16296.87279,16296.87279,
45,810751.725,890235.2084,-79483.48339,79483.48339,
46,1235681.793,1136043.125,99638.66835,99638.66835,
47,1267986.688,910747.2176,357239.4699,357239.4699,
48,1194515.338,1315201.675,-120686.3374,120686.3374,
49,1513223.535,1507598.758,5624.776686,5624.776686,
50,935061.3093,1039200.249,-104138.9397,104138.9397,
51,975921.8634,1098046.562,-122124.6988,122124.6988,
52,1352096.051,1387997.728,-35901.67749,35901.67749,
53,1383783.912,1200354.516,183429.3954,183429.3954,
54,1357366.528,1435944.753,-78578.2244,78578.2244,
55,1073347.545,1034235.605,39111.94016,39111.94016,
56,1360502.249,1308556.458,51945.79057,51945.79057,
57,1236308.28,1040282.112,196026.1675,196026.1675,
58,1133126.484,1249541.814,-116415.3297,116415.3297,
59,1737570.505,1695005.204,42565.30116,42565.30116,
60,1130844.029,1295376.652,-164532.6221,164532.6221,
61,1260484.462,1154016.989,106467.4728,106467.4728,
62,1620949.437,1564187.901,56761.53571,56761.53571,
63,1105737.462,1066852.968,38884.49402,38884.49402,
64,1135676.183,1065532.731,70143.45222,70143.45222,
65,1057697.703,1170721.234,-113023.5309,113023.5309,
66,1321008.593,1333655.231,-12646.63707,12646.63707,
67,1295014.618,1396468.317,-101453.6983,101453.6983,
68,692229.4655,914435.3764,-222205.9109,222205.9109,
69,365929.5973,329631.3957,36298.20152,36298.20152,
70,975054.5664,1237460.792,-262406.2253,262406.2253,
71,1414286.724,1511116.643,-96829.91854,96829.91854,
72,782800.4947,643741.3444,139059.1503,139059.1503,
73,766078.3708,890551.2581,-124472.8873,124472.8873,
74,430088.2507,561758.395,-131670.1443,131670.1443,
75,1499243.168,1415328.383,83914.78446,83914.78446,
76,503065.5056,469931.9956,33133.51001,33133.51001,
77,798073.9462,853027.8686,-54953.92246,54953.92246,
78,2105205.856,2005945.474,99260.38164,99260.38164,
79,1744932.211,1612610.152,132322.0593,132322.0593,
80,1214689.184,1301758.157,-87068.97377,87068.97377,
81,1560805.071,1566164.598,-5359.52747,5359.52747,
82,1165877.669,1217166.544,-51288.87586,51288.87586,
83,1300433.575,1368200.266,-67766.69064,67766.69064,
84,1495390.499,1494332.841,1057.657985,1057.657985,
85,1126085.139,1261731.766,-135646.6266,135646.6266,
86,1080735.984,1081136.184,-400.1999815,400.1999815,
87,555811.4067,759036.4685,-203225.0617,203225.0617,
88,1675523.367,1594983.521,80539.84576,80539.84576,
89,1067727.095,1126504.91,-58777.81537,58777.81537,
90,925566.3313,860550.1732,65016.15811,65016.15811,
91,1489648.018,1311345.223,178302.7952,178302.7952,
92,763869.6667,814147.7664,-50278.09972,50278.09972,
93,1578760.808,1505040.488,73720.31994,73720.31994,
94,1271340.381,1146975.981,124364.4001,124364.4001,
95,1364029.168,1225533.259,138495.9096,138495.9096,
96,1816152.267,1726615.054,89537.21339,89537.21339,
97,1354973.553,1332352.084,22621.46942,22621.46942,
98,1386351.145,1436212.358,-49861.21303,49861.21303,
99,1498640.551,1427110.341,71530.20984,71530.20984,
100,803270.1278,777893.882,25376.24582,25376.24582,
101,969323.4858,995132.6711,-25809.18527,25809.18527,
102,1308508.119,1260173.926,48334.19345,48334.19345,
103,1342245.969,1486422.524,-144176.5548,144176.5548,
104,1109588.38,1217671.29,-108082.9096,108082.9096,
105,759799.8758,752407.7135,7392.162377,7392.162377,
106,1458009.211,1351665.057,106344.1534,106344.1534,
107,1102516.584,1186803.216,-84286.63193,84286.63193,
108,1336172.194,1326562.833,9609.360614,9609.360614,
109,991934.0654,1011426.343,-19492.27769,19492.27769,
110,868713.4367,1002198.727,-133485.2901,133485.2901,
111,1770681.132,1782782.189,-12101.05687,12101.05687,
112,1536234.709,1429348.411,106886.298,106886.298,
113,1432012.871,1273469.236,158543.6349,158543.6349,
114,1432252.081,1415031.758,17220.32324,17220.32324,
115,856207.6028,898267.7544,-42060.15161,42060.15161,
116,814784.2457,930523.7552,-115739.5095,115739.5095,
117,1387114.42,1334832.163,52282.25696,52282.25696,
118,752168.0689,730154.326,22013.7429,22013.7429,
119,1281308.332,1106893.372,174414.96,174414.96,
120,992053.0502,1016180.155,-24127.10461,24127.10461,
121,592512.4283,761165.2438,-168652.8155,168652.8155,
122,1342506.921,1216489.703,126017.2186,126017.2186,
123,718869.4006,749658.5134,-30789.1128,30789.1128,
124,1055772.871,1200855.951,-145083.0798,145083.0798,
125,1626321.321,1759497.598,-133176.2774,133176.2774,
126,1420469.727,1432707.233,-12237.50671,12237.50671,
127,1093506.014,983651.8854,109854.1289,109854.1289,
128,1354417.563,1375157.779,-20740.21673,20740.21673,
129,461912.2443,607074.6685,-145162.4242,145162.4242,
130,1016187.104,1038663.896,-22476.79228,22476.79228,
131,1737759.05,1740168.518,-2409.468395,2409.468395,
132,1168822.817,1361195.173,-192372.3556,192372.3556,
133,1222020.821,1383540.817,-161519.9954,161519.9954,
134,1535844.896,1567319.357,-31474.46063,31474.46063,
135,1128045.105,1270640.261,-142595.1563,142595.1563,
136,907530.1753,885480.1106,22050.06467,22050.06467,
137,1181630.625,1039497.391,142133.2344,142133.2344,
138,1211442.941,1100912.219,110530.7222,110530.7222,
139,1095391.799,1119839.412,-24447.61334,24447.61334,
140,1415073.614,1491203.258,-76129.6436,76129.6436,
141,985462.2455,1129012.362,-143550.1169,143550.1169,
142,1585521.989,1647578.199,-62056.20994,62056.20994,
143,1526915.349,1439250.857,87664.49234,87664.49234,
144,1200539.361,1082617.467,117921.894,117921.894,
145,867898.2822,956325.0734,-88426.79116,88426.79116,
146,1043548.609,1194474.354,-150925.7452,150925.7452,
147,1536208.366,1411716.343,124492.023,124492.023,
148,1767399.29,1846307.727,-78908.43704,78908.43704,
149,614700.7371,698983.2683,-84282.53118,84282.53118,
150,1270928.034,1234213.534,36714.50061,36714.50061,
151,1491838.494,1511754.196,-19915.70187,19915.70187,
152,1373022.244,1385903.721,-12881.47657,12881.47657,
153,904497.3171,1055479.401,-150982.0841,150982.0841,
154,1567482.268,1540527.221,26955.047,26955.047,
155,1621035.903,1768726.615,-147690.712,147690.712,
156,1254912.463,1149806.138,105106.3247,105106.3247,
157,1079745.119,1218492.349,-138747.2308,138747.2308,
158,1517868.595,1376273.993,141594.6022,141594.6022,
159,926882.9195,968697.8515,-41814.93204,41814.93204,
160,1312063.756,1346805.309,-34741.55294,34741.55294,
161,1042373.524,1065329.356,-22955.83148,22955.83148,
162,609402.7753,619238.7419,-9835.96664,9835.96664,
163,1257376.174,1291971.301,-34595.12703,34595.12703,
164,1199128.404,1122920.234,76208.1698,76208.1698,
165,913978.5734,996066.0508,-82087.47745,82087.47745,
166,1185734.958,1074100.192,111634.766,111634.766,
167,1210610.163,1181162.442,29447.7208,29447.7208,
168,1118165.866,1102126.98,16038.88592,16038.88592,
169,530764.6725,630576.7659,-99812.09344,99812.09344,
170,1558572.243,1494577.412,63994.83161,63994.83161,
171,1413105.495,1217980.877,195124.6177,195124.6177,
172,980274.0699,1116243.859,-135969.7891,135969.7891,
173,995783.1625,973046.4126,22736.74992,22736.74992,
174,1553976.234,1704220.511,-150244.2773,150244.2773,
175,1361872.291,1394699.956,-32827.665,32827.665,
176,1357208.238,1283910.108,73298.13021,73298.13021,
177,636506.0006,728987.9318,-92481.93122,92481.93122,
178,1220001.334,1156748.715,63252.61878,63252.61878,
179,1140579.618,1250213.588,-109633.9697,109633.9697,
180,529282.0844,490894.4267,38387.65771,38387.65771,
181,605073.4908,747017.175,-141943.6842,141943.6842,
182,1108022.282,1205985.32,-97963.03812,97963.03812,
183,1295918.333,1291970.989,3947.34459,3947.34459,
184,1140126.187,1254864.64,-114738.4531,114738.4531,
185,1099917.434,976659.3752,123258.059,123258.059,
186,890887.6807,905795.917,-14908.23626,14908.23626,
187,1492612.189,1393393.038,99219.15152,99219.15152,
188,628870.3456,486697.8758,142172.4699,142172.4699,
189,1530172.525,1575304.009,-45131.48422,45131.48422,
190,1622261.672,1478302.94,143958.7322,143958.7322,
191,1322914.051,1457945.316,-135031.2653,135031.2653,
192,1379456.031,1320597.2,58858.83112,58858.83112,
193,1257217.29,1325174.013,-67956.72371,67956.72371,
194,1511743.129,1486306.176,25436.95323,25436.95323,
195,1527439.717,1461347.238,66092.47889,66092.47889,
196,1612102.097,1413806.381,198295.7156,198295.7156,
197,1203623.841,1358180.138,-154556.2968,154556.2968,
198,414165.2204,526277.6089,-112112.3885,112112.3885,
199,1008712.575,1060405.947,-51693.37216,51693.37216,
200,1476277.527,1289731.53,186545.9973,186545.9973,
201,1876497.269,1824278.64,52218.62849,52218.62849,
202,1322782.76,1423627.165,-100844.4046,100844.4046,
203,1891949.348,1796271.775,95677.57269,95677.57269,
204,631712.7238,669646.1801,-37933.45635,37933.45635,
205,1179440.832,1273164.222,-93723.38955,93723.38955,
206,886036.1295,989095.3484,-103059.2189,103059.2189,
207,1642844.649,1542949.061,99895.58733,99895.58733,
208,398909.5099,465524.3581,-66614.84829,66614.84829,
209,1650342.131,1773672.744,-123330.6139,123330.6139,
210,1646662.911,1425195.957,221466.9542,221466.9542,
211,1742350.962,1684901.722,57449.24028,57449.24028,
212,1279279.8,1184313.263,94966.53651,94966.53651,
213,1120894.804,1112395.052,8499.752223,8499.752223,
214,1244789.022,1213804.699,30984.32322,30984.32322,
215,1049981.352,1107390.284,-57408.93224,57408.93224,
216,888866.3945,1155973.646,-267107.2517,267107.2517,
217,1040782.486,1077801.42,-37018.93411,37018.93411,
218,1737981.53,1752281.42,-14299.89017,14299.89017,
219,768034.5331,664545.561,103488.9721,103488.9721,
220,1340983.25,1451408.278,-110425.0273,110425.0273,
221,735660.4558,819624.1223,-83963.66652,83963.66652,
222,1392793.814,1351980.48,40813.33447,40813.33447,
223,1779874.754,1551516.286,228358.4674,228358.4674,
224,1030866.952,1165751.52,-134884.5681,134884.5681,
225,1396082.352,1274746.623,121335.7289,121335.7289,
226,2198564.573,2051170.283,147394.2892,147394.2892,
227,1175289.161,1245660.909,-70371.74831,70371.74831,
228,1023205.041,1085032.167,-61827.12593,61827.12593,
229,906419.3179,969537.1665,-63117.84858,63117.84858,
230,1377275.179,1373905.938,3369.240744,3369.240744,
231,1415647.553,1543582.377,-127934.8231,127934.8231,
232,1021122.052,1230732.731,-209610.6782,209610.6782,
233,613370.8511,801690.7436,-188319.8925,188319.8925,
234,763874.0645,680108.5571,83765.50734,83765.50734,
235,1147908.529,955744.8562,192163.6725,192163.6725,
236,1822438.42,1845187.801,-22749.38119,22749.38119,
237,1741105.641,1724592.383,16513.25752,16513.25752,
238,1273308.71,1117713.353,155595.3578,155595.3578,
239,1812765.957,1693322.316,119443.6413,119443.6413,
240,1059262.039,988769.6175,70492.42188,70492.42188,
241,1258686.286,1233718.512,24967.77414,24967.77414,
242,1323959.799,1264755.057,59204.74243,59204.74243,
243,1033881.135,1231641.048,-197759.9133,197759.9133,
244,852703.2637,895545.2594,-42841.99575,42841.99575,
245,1097701.943,1171791.02,-74089.07671,74089.07671,
246,903881.6639,847715.7923,56165.87158,56165.87158,
247,476971.4559,720162.3676,-243190.9117,243190.9117,
248,1537475.79,1535227.353,2248.437162,2248.437162,
249,1723775.014,1561818.592,161956.4218,161956.4218,
250,942663.9415,952034.3132,-9370.371666,9370.371666,
251,864702.9339,854075.9772,10626.95672,10626.95672,
252,1179983.442,1174270.853,5712.588839,5712.588839,
253,1186025.951,1023867.165,162158.7863,162158.7863,
254,1599615.745,1638617.051,-39001.30639,39001.30639,
255,1892623.546,1913193.722,-20570.17642,20570.17642,
256,1231452.189,1285794.289,-54342.10026,54342.10026,
257,1375467.271,1366032.817,9434.454357,9434.454357,
258,940162.7245,856900.5736,83262.15085,83262.15085,
259,1578136.165,1511294.89,66841.27553,66841.27553,
260,1425632.542,1450267.833,-24635.29136,24635.29136,
261,959102.081,1049737.846,-90635.76535,90635.76535,
262,1539958.931,1484329.519,55629.412,55629.412,
263,1555806.042,1463966.18,91839.86207,91839.86207,
264,1244630.998,1234694.85,9936.147238,9936.147238,
265,1540762.269,1336955.913,203806.3555,203806.3555,
266,1328658.911,1329598.102,-939.1909439,939.1909439,
267,1083745.372,877737.8238,206007.548,206007.548,
268,1675825.721,1665675.024,10150.6968,10150.6968,
269,877566.822,870724.5228,6842.299215,6842.299215,
270,1172619.597,1125434.766,47184.8307,47184.8307,
271,1518454.06,1581141.023,-62686.96232,62686.96232,
272,1448774.971,1415699.925,33075.04593,33075.04593,
273,1351007.041,1352158.529,-1151.487985,1151.487985,
274,705343.2561,769062.2476,-63718.99156,63718.99156,
275,831762.7909,752618.2062,79144.58472,79144.58472,
276,1450624.524,1351964.404,98660.11996,98660.11996,
277,1538985.189,1493902.131,45083.05762,45083.05762,
278,1110598.755,1140693.931,-30095.17629,30095.17629,
279,1025908.914,894299.3147,131609.5993,131609.5993,
280,751952.5709,928740.0176,-176787.4468,176787.4468,
281,1637649.905,1780626.306,-142976.4017,142976.4017,
282,1698198.751,1587736.457,110462.2947,110462.2947,
283,968045.4778,1033130.516,-65085.03865,65085.03865,
284,1501917.318,1584820.416,-82903.09777,82903.09777,
285,1055153.32,873940.0568,181213.2627,181213.2627,
286,1508856.424,1624423.122,-115566.6979,115566.6979,
287,1403219.371,1449760.695,-46541.32452,46541.32452,
288,1562573.061,1435705.451,126867.6098,126867.6098,
289,738411.5218,718815.3402,19596.1816,19596.1816,
290,1271396.518,1280552.302,-9155.784411,9155.784411,
291,1819900.637,1884242.217,-64341.58056,64341.58056,
292,1024738.285,1116502.664,-91764.3793,91764.3793,
293,1250882.292,1097793.288,153089.0034,153089.0034,
294,1217267.934,1213712.342,3555.59241,3555.59241,
295,1765352.366,1532821.161,232531.2048,232531.2048,
296,1704126.876,1565994.609,138132.267,138132.267,
297,702321.7523,753644.0395,-51322.28718,51322.28718,
298,390948.45,503465.8896,-112517.4396,112517.4396,
299,873515.9385,1048242.955,-174727.0169,174727.0169,
300,1084763.03,1255976.187,-171213.1576,171213.1576,
301,842777.9925,783795.598,58982.39444,58982.39444,
302,1203094.09,1093495.548,109598.5418,109598.5418,
303,946479.2349,895327.8932,51151.34164,51151.34164,
304,1328586.29,1381099.803,-52513.5127,52513.5127,
305,739027.6758,828166.1776,-89138.50176,89138.50176,
306,1092843.3,1185567.29,-92723.98925,92723.98925,
307,814378.4821,801085.0606,13293.42155,13293.42155,
308,239319.9342,486004.8175,-246684.8833,246684.8833,
309,1056984.182,1215987.669,-159003.4877,159003.4877,
310,578161.4955,718833.6676,-140672.1721,140672.1721,
311,393639.074,565136.6842,-171497.6102,171497.6102,
312,1246270.01,1412985.521,-166715.5111,166715.5111,
313,1390497.566,1232148.738,158348.8278,158348.8278,
314,975384.1814,1094984.629,-119600.448,119600.448,
315,1608889.263,1608266.587,622.6762743,622.6762743,
316,1817188.451,1795494.294,21694.15747,21694.15747,
317,1648246.774,1571901.785,76344.9891,76344.9891,
318,1859883.661,1730463.387,129420.2745,129420.2745,
319,839638.461,786159.3956,53479.06532,53479.06532,
320,995137.2024,1060815.469,-65678.26703,65678.26703,
321,1582765.592,1640723.576,-57957.98387,57957.98387,
322,1107067.804,1104821.223,2246.581242,2246.581242,
323,882057.1706,791817.5879,90239.58269,90239.58269,
324,1028760.465,1118859.829,-90099.3635,90099.3635,
325,1638265.395,1624144.949,14120.44591,14120.44591,
326,1491538.499,1464545.731,26992.76784,26992.76784,
327,1765809.432,1707136.954,58672.47812,58672.47812,
328,1599851.895,1700022.349,-100170.4545,100170.4545,
329,1454749.807,1507732.143,-52982.33655,52982.33655,
330,1208761.056,1289025.974,-80264.91798,80264.91798,
331,745586.5735,948712.9635,-203126.39,203126.39,
332,960918.6584,1037988.732,-77070.0735,77070.0735,
333,1299673.742,1283036.521,16637.22137,16637.22137,
334,1327969.286,1308661.216,19308.06972,19308.06972,
335,1126778.414,1182006.163,-55227.74829,55227.74829,
336,1306349.992,1327752.54,-21402.54731,21402.54731,
337,1846350.02,1790376.7,55973.32043,55973.32043,
338,956241.9913,962098.2896,-5856.298336,5856.298336,
339,729641.7409,691536.3808,38105.36003,38105.36003,
340,1553592.98,1445250.608,108342.3716,108342.3716,
341,1856211.35,1676679.712,179531.6384,179531.6384,
342,1745516.171,1761807.837,-16291.66647,16291.66647,
343,846052.9112,762614.1729,83438.73831,83438.73831,
344,1537765.661,1794223.715,-256458.0543,256458.0543,
345,1240763.766,1408633.969,-167870.2035,167870.2035,
346,985749.7874,974434.2679,11315.51948,11315.51948,
347,697840.5675,768267.4004,-70426.83294,70426.83294,
348,1195897.741,1173292.422,22605.31847,22605.31847,
349,1680252.737,1523592.476,156660.2613,156660.2613,
350,2065710.164,1940910.935,124799.2297,124799.2297,
351,998773.9973,1104899.567,-106125.5696,106125.5696,
352,1496539.313,1449780.669,46758.64412,46758.64412,
353,1291759.393,1255973.929,35785.46333,35785.46333,
354,1342814.949,1406460.358,-63645.40902,63645.40902,
355,1411266.411,1408731.872,2534.53976,2534.53976,
356,1129582.838,1143860.437,-14277.59822,14277.59822,
357,596350.3507,703739.6751,-107389.3244,107389.3244,
358,1288426.694,1339755.955,-51329.26136,51329.26136,
359,1181338.161,1091518.668,89819.49303,89819.49303,
360,1200125.447,1147490.262,52635.18531,52635.18531,
361,1214320.574,1153783.197,60537.3774,60537.3774,
362,1788285.239,1806732.828,-18447.58894,18447.58894,
363,1628490.793,1427775.529,200715.2644,200715.2644,
364,1556786.6,1525185.15,31601.45032,31601.45032,
365,302307.4011,373451.1362,-71143.73511,71143.73511,
366,1573347.788,1413119.829,160227.959,160227.959,
367,1273631.267,1332913.503,-59282.23547,59282.23547,
368,1367130.348,1415093.393,-47963.04429,47963.04429,
369,955689.5329,1116557.951,-160868.4178,160868.4178,
370,1200401.989,1188087.706,12314.28283,12314.28283,
371,1376492.925,1508190.017,-131697.0924,131697.0924,
372,1696717.107,1905679.901,-208962.7938,208962.7938,
373,1882806.934,1824471.031,58335.90306,58335.90306,
374,841276.5861,847853.3522,-6576.766056,6576.766056,
375,1158677.202,1139500.559,19176.6431,19176.6431,
376,747396.2531,800460.5049,-53064.25179,53064.25179,
377,752950.6068,788256.0196,-35305.41281,35305.41281,
378,1768705.125,1664246.69,104458.4353,104458.4353,
379,867082.8428,965671.283,-98588.44021,98588.44021,
380,1026817.4,934492.8739,92324.52585,92324.52585,
381,1588196.233,1559839.414,28356.8185,28356.8185,
382,1806231.452,1671487.195,134744.2571,134744.2571,
383,1343537.178,1254599.878,88937.30032,88937.30032,
384,734562.1045,791492.0397,-56929.93521,56929.93521,
385,711499.2446,733079.332,-21580.08746,21580.08746,
386,1358350.398,1364575.857,-6225.459339,6225.459339,
387,461473.5665,403959.9089,57513.65764,57513.65764,
388,1399892.256,1318093.635,81798.62077,81798.62077,
389,889385.9016,846662.2707,42723.63085,42723.63085,
390,1168355.32,1067720.066,100635.2538,100635.2538,
391,1390377.375,1394389.295,-4011.919808,4011.919808,
392,862865.8153,792166.1711,70699.64419,70699.64419,
393,1006885.844,885348.8278,121537.0166,121537.0166,
394,1164615.968,1129558.853,35057.1146,35057.1146,
395,1578737.436,1418537.881,160199.5553,160199.5553,
396,1253609.764,1229839.442,23770.32208,23770.32208,
397,999244.635,910371.8908,88872.74418,88872.74418,
398,1169640.324,1276771.752,-107131.4274,107131.4274,
399,941594.3284,883778.2265,57816.10189,57816.10189,
400,1618670.884,1828730.375,-210059.4904,210059.4904,
401,1392207.648,1336787.14,55420.50773,55420.50773,
402,1637841.262,1730145.834,-92304.57235,92304.57235,
403,1363669.069,1327271.606,36397.46245,36397.46245,
404,1890789.177,1916977.365,-26188.18852,26188.18852,
405,1039107.326,927178.1372,111929.1891,111929.1891,
406,1416408.25,1463740.046,-47331.79658,47331.79658,
407,824540.8964,883703.8446,-59162.94827,59162.94827,
408,1526013.33,1479388.379,46624.9501,46624.9501,
409,1734239.138,1669295.539,64943.59925,64943.59925,
410,1474417.272,1291836.41,182580.8617,182580.8617,
411,1490718.335,1617999.314,-127280.9788,127280.9788,
412,1370830.389,1371949.357,-1118.968334,1118.968334,
413,1820189.533,1741508.257,78681.27562,78681.27562,
414,1658381.006,1695203.772,-36822.76619,36822.76619,
415,864446.7942,857477.7907,6969.003511,6969.003511,
416,1168760.428,1228168.738,-59408.31049,59408.31049,
417,810537.1484,805590.2113,4946.937137,4946.937137,
418,1535781.394,1434770.254,101011.1401,101011.1401,
419,1300303.407,1167082.41,133220.9975,133220.9975,
420,1384802.464,1317389.019,67413.44563,67413.44563,
421,987746.924,1091507.106,-103760.1817,103760.1817,
422,970177.1054,869788.3518,100388.7536,100388.7536,
423,982298.0366,1008648.008,-26349.97188,26349.97188,
424,1281378.174,1280393.104,985.070946,985.070946,
425,1564563.568,1737462.266,-172898.6977,172898.6977,
426,1214482.379,1039910.985,174571.3936,174571.3936,
427,731715.2643,637495.0176,94220.24673,94220.24673,
428,1259919.983,1388113.42,-128193.4377,128193.4377,
429,2139725.54,2202740.335,-63014.79423,63014.79423,
430,911071.8336,1083452.555,-172380.7218,172380.7218,
431,1684554.715,1581658.47,102896.245,102896.245,
432,1408347.445,1314976.503,93370.94143,93370.94143,
433,1028636.423,1096778.823,-68142.40027,68142.40027,
434,1112548.479,1197155.562,-84607.08344,84607.08344,
435,1244631.519,1230766.918,13864.60172,13864.60172,
436,1433006.645,1477135.47,-44128.82434,44128.82434,
437,1390200.224,1366232.215,23968.00948,23968.00948,
438,1543966.426,1535051.23,8915.196358,8915.196358,
439,1381482.685,1282632.506,98850.17938,98850.17938,
440,1296223.706,1230820.56,65403.14601,65403.14601,
441,1000043.903,1048719.644,-48675.74032,48675.74032,
442,1459525.376,1493061.336,-33535.95979,33535.95979,
443,1063423.007,1097374.464,-33951.45659,33951.45659,
444,1630434.841,1584060.629,46374.21217,46374.21217,
445,892039.4035,1062884.141,-170844.7377,170844.7377,
446,857934.5478,988877.305,-130942.7572,130942.7572,
447,1367619.923,1460607.32,-92987.39646,92987.39646,
448,922054.1319,968142.1178,-46087.98581,46087.98581,
449,1594748.125,1616508.157,-21760.03212,21760.03212,
450,395440.2022,436734.509,-41294.30688,41294.30688,
451,999970.6794,959139.3411,40831.33831,40831.33831,
452,1594415.226,1603618.326,-9203.099847,9203.099847,
453,717682.0857,666206.9321,51475.15361,51475.15361,
454,557362.2043,748194.6066,-190832.4023,190832.4023,
455,1532533.611,1582548.753,-50015.14255,50015.14255,
456,1374117.067,1230173.362,143943.7049,143943.7049,
457,1346969.103,1229337.601,117631.5018,117631.5018,
458,916140.2212,986904.0338,-70763.8125,70763.8125,
459,1270297.545,1342694.724,-72397.17876,72397.17876,
460,1421216.504,1397820.378,23396.12682,23396.12682,
461,1495384.004,1509825.232,-14441.22787,14441.22787,
462,1443816.971,1439316.107,4500.864332,4500.864332,
463,764860.4627,989985.2023,-225124.7396,225124.7396,
464,1525601.791,1321613.847,203987.9446,203987.9446,
465,1832230.093,1772372.424,59857.6683,59857.6683,
466,2017174.989,1776486.915,240688.0744,240688.0744,
467,1276471.581,1322073.395,-45601.8136,45601.8136,
468,1362239.054,1307665.939,54573.11495,54573.11495,
469,802048.4455,847663.0362,-45614.59065,45614.59065,
470,1351639.839,1301654.324,49985.51422,49985.51422,
471,1108204.587,1140989.714,-32785.12721,32785.12721,
472,1094574.185,1142623.635,-48049.45002,48049.45002,
473,1503327,1579299.771,-75972.77072,75972.77072,
474,612211.5924,609308.132,2903.460428,2903.460428,
475,635530.8449,622486.3009,13044.54401,13044.54401,
476,971099.4754,913587.9029,57511.57249,57511.57249,
477,1554986.695,1555056.494,-69.79928952,69.79928952,
478,1111085.017,936316.5319,174768.485,174768.485,
479,1813043.926,1741506.633,71537.29331,71537.29331,
480,1647278.685,1572548.903,74729.78205,74729.78205,
481,987004.0837,950258.085,36745.99867,36745.99867,
482,959625.5302,928766.0934,30859.43681,30859.43681,
483,853142.8085,858828.0671,-5685.258623,5685.258623,
484,1186688.506,1002871.442,183817.0644,183817.0644,
485,1549303.499,1356462.182,192841.3164,192841.3164,
486,905435.8429,875075.1345,30360.70838,30360.70838,
487,1014093.31,1000922.14,13171.16978,13171.16978,
488,1521745.663,1564793.707,-43048.04393,43048.04393,
489,1395855.656,1359468.142,36387.51424,36387.51424,
490,1772780.143,1665214.868,107565.2744,107565.2744,
491,1222760.858,1319236.251,-96475.39266,96475.39266,
492,874969.6969,824874.7349,50094.96197,50094.96197,
493,1336134.486,1447035.067,-110900.5807,110900.5807,
494,1066659.383,1178508.996,-111849.6128,111849.6128,
495,1169265.146,1107368.62,61896.52585,61896.52585,
496,1538922.903,1537575.885,1347.018679,1347.018679,
497,1228879.867,1259121.046,-30241.17885,30241.17885,
498,1116680.146,1286979.462,-170299.3155,170299.3155,
499,1203247.89,1185297.673,17950.21738,17950.21738,
500,1280230.625,1251831.249,28399.37641,28399.37641,
501,1012269.82,1006355.433,5914.386862,5914.386862,
502,1511526.921,1504479.523,7047.398196,7047.398196,
503,1187609.122,1185569.783,2039.33917,2039.33917,
504,1010813.709,1134034.742,-123221.0332,123221.0332,
505,837668.1026,1048971.213,-211303.1101,211303.1101,
506,1074824.816,994465.3338,80359.48273,80359.48273,
507,1742938.776,1820434.213,-77495.43733,77495.43733,
508,1061208.706,898666.7079,162541.9983,162541.9983,
509,1373290.861,1312240.664,61050.19705,61050.19705,
510,1748474.694,1768705.799,-20231.10462,20231.10462,
511,1224186.696,1174369.504,49817.19173,49817.19173,
512,1002840.229,937833.9063,65006.32234,65006.32234,
513,836235.0305,769219.3624,67015.66812,67015.66812,
514,1441882.522,1600395.379,-158512.8571,158512.8571,
515,1134055.403,1354770.146,-220714.7431,220714.7431,
516,1535564.552,1410888.063,124676.4892,124676.4892,
517,849008.7047,801797.8713,47210.8334,47210.8334,
518,880214.2119,986728.6002,-106514.3883,106514.3883,
519,670063.0223,812997.3627,-142934.3404,142934.3404,
520,1409318.577,1255157.791,154160.7864,154160.7864,
521,1163741.658,1229537.815,-65796.15704,65796.15704,
522,1741052.96,1758129.379,-17076.41962,17076.41962,
523,1210026.031,1317178.19,-107152.1585,107152.1585,
524,885249.1825,916575.4613,-31326.27882,31326.27882,
525,1250866.567,1331856.337,-80989.76996,80989.76996,
526,821598.9852,861176.2628,-39577.27764,39577.27764,
527,942093.9245,1055924.366,-113830.4413,113830.4413,
528,1139360.434,1119711.722,19648.71154,19648.71154,
529,714166.3978,609461.9416,104704.4562,104704.4562,
530,768152.791,788997.9944,-20845.20333,20845.20333,
531,2330289.701,2276288.014,54001.68696,54001.68696,
532,1547888.633,1415974.894,131913.7394,131913.7394,
533,1529830.368,1512200.24,17630.1289,17630.1289,
534,1837930.801,1800710.849,37219.95199,37219.95199,
535,1202987.829,1132165.549,70822.2806,70822.2806,
536,1318681.04,1362008.39,-43327.34939,43327.34939,
537,1919693.23,1878593.561,41099.66969,41099.66969,
538,901881.7427,785068.5748,116813.1679,116813.1679,
539,1000892.046,1053704.098,-52812.05204,52812.05204,
540,1323952.027,1233056.348,90895.67939,90895.67939,
541,1541186.254,1498165.985,43020.26957,43020.26957,
542,1082486.679,1070698.474,11788.20492,11788.20492,
543,1210431.684,1342821.388,-132389.704,132389.704,
544,1331656.494,1347395.331,-15738.83683,15738.83683,
545,1128403.366,1045108.867,83294.49909,83294.49909,
546,1032663.003,1036889.595,-4226.592201,4226.592201,
547,1144711.177,1167890.53,-23179.35255,23179.35255,
548,1347904.395,1379913.778,-32009.3824,32009.3824,
549,968082.1645,930251.8624,37830.30213,37830.30213,
550,1148563.904,1082695.031,65868.87298,65868.87298,
551,1027427.862,1107646.449,-80218.58739,80218.58739,
552,1220276.551,1199745.075,20531.47664,20531.47664,
553,783565.1025,750456.8929,33108.20962,33108.20962,
554,972417.8089,1043154.763,-70736.95442,70736.95442,
555,1567368.285,1500045.012,67323.27288,67323.27288,
556,1167449.99,1119234.373,48215.61736,48215.61736,
557,1409762.119,1488734.63,-78972.51022,78972.51022,
558,1588549.501,1693765.516,-105216.0157,105216.0157,
559,1517693.106,1489419.33,28273.77643,28273.77643,
560,1506656.826,1447754.547,58902.27949,58902.27949,
561,923830.3349,693663.0305,230167.3043,230167.3043,
562,1030324.919,1053936.226,-23611.30708,23611.30708,
563,1270869.783,1288347.384,-17477.60104,17477.60104,
564,1718876.795,1793803.191,-74926.3962,74926.3962,
565,892718.091,971888.7931,-79170.70204,79170.70204,
566,1023862.984,978370.5427,45492.44106,45492.44106,
567,589352.3954,760798.7376,-171446.3422,171446.3422,
568,879356.366,990013.4275,-110657.0614,110657.0614,
569,997452.5009,929357.1338,68095.36714,68095.36714,
570,860346.4707,816032.5964,44313.87428,44313.87428,
571,1920527.53,1817913.206,102614.3235,102614.3235,
572,1710612.03,1861509.429,-150897.3995,150897.3995,
573,1024601.563,1045063.362,-20461.79885,20461.79885,
574,1097918.412,1116034.635,-18116.22293,18116.22293,
575,1524621.728,1560035.77,-35414.04167,35414.04167,
576,954154.2069,1151759.291,-197605.0845,197605.0845,
577,679627.5956,854400.8376,-174773.242,174773.242,
578,1168126.213,1192442.221,-24316.0086,24316.0086,
579,1204400.616,1281632.369,-77231.75343,77231.75343,
580,786257.7826,775180.0137,11077.7689,11077.7689,
581,1473372.164,1556178.652,-82806.48817,82806.48817,
582,744291.0273,779930.6219,-35639.59457,35639.59457,
583,646198.2245,664685.2128,-18486.98824,18486.98824,
584,658644.617,521195.6021,137449.0149,137449.0149,
585,1928301.782,1905239.564,23062.21759,23062.21759,
586,1093344.577,1066093.762,27250.81447,27250.81447,
587,1266616.547,1347065.572,-80449.02532,80449.02532,
588,1222344.208,1124251.733,98092.47519,98092.47519,
589,1276259.018,1297404.55,-21145.53148,21145.53148,
590,1563193.097,1342963.099,220229.9978,220229.9978,
591,1409977.131,1361635.363,48341.76807,48341.76807,
592,1292287.095,1244007.952,48279.14272,48279.14272,
593,1053815.097,1126153.407,-72338.31033,72338.31033,
594,804453.8698,793781.6677,10672.20208,10672.20208,
595,965318.6958,906772.155,58546.54082,58546.54082,
596,1666462.622,1716298.745,-49836.12252,49836.12252,
597,1471828.129,1476607.347,-4779.218055,4779.218055,
598,1025705.134,1187777.809,-162072.6749,162072.6749,
599,1088548.827,1033994.728,54554.09859,54554.09859,
600,1845325.357,1895058.13,-49732.77306,49732.77306,
601,1062593.483,937234.6982,125358.785,125358.785,
602,1166333.887,1323945.714,-157611.8277,157611.8277,
603,996771.2482,981236.698,15534.55013,15534.55013,
604,808373.703,916890.2292,-108516.5262,108516.5262,
605,1299430.176,1375293.902,-75863.7265,75863.7265,
606,1440738.469,1299947.256,140791.2126,140791.2126,
607,1130415.41,1032947.714,97467.69506,97467.69506,
608,937628.3467,1110869.284,-173240.9377,173240.9377,
609,1443842.023,1362957.212,80884.81066,80884.81066,
610,746096.7289,829725.6637,-83628.93478,83628.93478,
611,1037147.467,1036234.265,913.2024031,913.2024031,
612,1412501.246,1508929.31,-96428.06443,96428.06443,
613,1712929.654,1776687.561,-63757.90636,63757.90636,
614,729678.6262,884814.3245,-155135.6983,155135.6983,
615,1302347.574,1256159.242,46188.33102,46188.33102,
616,980177.3051,1072194.252,-92016.94677,92016.94677,
617,1235593.277,1276449.909,-40856.63242,40856.63242,
618,675536.3915,715430.8774,-39894.48588,39894.48588,
619,790598.827,756713.2618,33885.5652,33885.5652,
620,1534295.195,1457708.68,76586.5148,76586.5148,
621,742016.0552,596319.4562,145696.599,145696.599,
622,789632.6932,785836.5986,3796.09462,3796.09462,
623,492984.5947,425524.2694,67460.3253,67460.3253,
624,1205212.292,1224808.258,-19595.96618,19595.96618,
625,1453312.468,1417265.297,36047.17087,36047.17087,
626,890138.2114,1029399.819,-139261.6078,139261.6078,
627,554702.6802,649347.3602,-94644.67999,94644.67999,
628,1401767.904,1331263.442,70504.4627,70504.4627,
629,1267150.837,1332640.697,-65489.86073,65489.86073,
630,985117.6289,981290.4252,3827.203731,3827.203731,
631,1640990.378,1820062.538,-179072.1596,179072.1596,
632,1275676.981,1365031.243,-89354.26156,89354.26156,
633,404643.6022,506683.0193,-102039.417,102039.417,
634,906011.3853,1128715.878,-222704.493,222704.493,
635,1056225.686,1104401.808,-48176.12251,48176.12251,
636,1476386.996,1439342.12,37044.87591,37044.87591,
637,895737.1334,899882.68,-4145.546637,4145.546637,
638,1437458.364,1382539.922,54918.44237,54918.44237,
639,905328.7691,805666.8144,99661.95477,99661.95477,
640,730739.419,726638.9189,4100.500099,4100.500099,
641,1252663.621,1412786.884,-160123.2626,160123.2626,
642,469016.2478,609060.0062,-140043.7584,140043.7584,
643,1004340.036,782955.1401,221384.8959,221384.8959,
644,1469767.647,1347986.8,121780.8476,121780.8476,
645,1702406.039,1613960.481,88445.55776,88445.55776,
646,914325.0292,860568.2764,53756.75272,53756.75272,
647,1016301.443,889449.7649,126851.6784,126851.6784,
648,1584615.574,1635690.361,-51074.78753,51074.78753,
649,1792753.5,1738602.568,54150.93131,54150.93131,
650,1210366.529,1355772.593,-145406.0646,145406.0646,
651,1110114.22,1219360.268,-109246.0478,109246.0478,
652,953261.9162,845666.627,107595.2892,107595.2892,
653,1300031.23,1285806.418,14224.81264,14224.81264,
654,1340074.653,1309964.03,30110.62289,30110.62289,
655,1303106.787,1299192.981,3913.806314,3913.806314,
656,674197.852,812990.3207,-138792.4687,138792.4687,
657,1385400.456,1474013.459,-88613.00301,88613.00301,
658,1329007.203,1370537.022,-41529.81822,41529.81822,
659,1422890.021,1450117.73,-27227.70933,27227.70933,
660,1455737.135,1497809.93,-42072.79481,42072.79481,
661,1381085.729,1411011.521,-29925.79163,29925.79163,
662,1347202.578,1297432.139,49770.43884,49770.43884,
663,1571781.593,1596407.309,-24625.7153,24625.7153,
664,1031121.814,1019138.442,11983.3726,11983.3726,
665,639471.7361,667416.5137,-27944.77754,27944.77754,
666,1007856.266,1207423.696,-199567.4296,199567.4296,
667,685922.3852,833156.3736,-147233.9884,147233.9884,
668,575694.1732,700778.3454,-125084.1722,125084.1722,
669,1591203.49,1550051.196,41152.29402,41152.29402,
670,886536.4284,712230.6381,174305.7903,174305.7903,
671,717825.3597,873282.067,-155456.7073,155456.7073,
672,1492965.733,1528295.298,-35329.56497,35329.56497,
673,1952622.402,1793383.984,159238.4173,159238.4173,
674,1431517.358,1408376.722,23140.63558,23140.63558,
675,1211655.305,1208380.944,3274.361385,3274.361385,
676,1506798.755,1358993.087,147805.6683,147805.6683,
677,1425366.413,1499344.714,-73978.30054,73978.30054,
678,1132662.215,967652.5171,165009.6983,165009.6983,
679,1025417.888,1123637.85,-98219.96216,98219.96216,
680,931357.9954,852394.5389,78963.45656,78963.45656,
681,1033155.329,1112373.906,-79218.57657,79218.57657,
682,1510659.228,1473296.719,37362.50942,37362.50942,
683,850977.0123,987783.0966,-136806.0843,136806.0843,
684,949072.2496,1076470.711,-127398.4615,127398.4615,
685,1827476.196,1751746.631,75729.56553,75729.56553,
686,1261491.425,1229010.644,32480.78142,32480.78142,
687,1283996.968,1319676.254,-35679.28549,35679.28549,
688,1509962.022,1505768.1,4193.921599,4193.921599,
689,1587122.369,1588886.601,-1764.232511,1764.232511,
690,1218509.145,1170937.001,47572.14448,47572.14448,
691,283208.1322,349432.4255,-66224.2933,66224.2933,
692,1424994.375,1414769.126,10225.24935,10225.24935,
693,1193519.508,1047384.714,146134.7949,146134.7949,
694,1490539.058,1591211.919,-100672.861,100672.861,
695,849566.0855,789656.999,59909.08658,59909.08658,
696,1175504.486,1142802.674,32701.8125,32701.8125,
697,1129613.01,1140011.645,-10398.63468,10398.63468,
698,816058.2238,794896.6374,21161.5864,21161.5864,
699,825095.1086,868843.1988,-43748.09026,43748.09026,
700,1033290.975,1118142.389,-84851.41414,84851.41414,
701,1213382.223,1285146.281,-71764.05851,71764.05851,
702,1360100.719,1286341.72,73758.99881,73758.99881,
703,1313128.138,1445220.009,-132091.8711,132091.8711,
704,1124125.921,1141476.092,-17350.17136,17350.17136,
705,1094879.773,1022601.893,72277.88048,72277.88048,
706,1550181.075,1432108.864,118072.2105,118072.2105,
707,1009769.078,967299.4074,42469.67018,42469.67018,
708,1333995.852,1368543.408,-34547.55628,34547.55628,
709,807916.3134,838227.0474,-30310.73401,30310.73401,
710,1131532.919,1086300.666,45232.25338,45232.25338,
711,1109006.287,1082640.199,26366.08808,26366.08808,
712,1695706.132,1634811.626,60894.50522,60894.50522,
713,1111655.906,1119712.249,-8056.342695,8056.342695,
714,1194594.988,1134790.377,59804.61099,59804.61099,
715,1393482.85,1396100.843,-2617.993403,2617.993403,
716,957283.6564,1024829.833,-67546.17683,67546.17683,
717,1412776.577,1451126.159,-38349.58187,38349.58187,
718,1213351.632,1394629.498,-181277.8661,181277.8661,
719,1514349.692,1514962.659,-612.9670504,612.9670504,
720,1603075.237,1568801.69,34273.54708,34273.54708,
721,1179987.324,1256243.021,-76255.69716,76255.69716,
722,1629573.886,1488518.073,141055.8134,141055.8134,
723,1088834.29,982452.7593,106381.5308,106381.5308,
724,1485912.925,1412494.289,73418.63537,73418.63537,
725,1629049.624,1673321.397,-44271.77371,44271.77371,
726,1370505.883,1308774.537,61731.34525,61731.34525,
727,1367142.717,1353963.408,13179.30858,13179.30858,
728,1163559.471,1235794.686,-72235.2145,72235.2145,
729,1399812.613,1429093.731,-29281.11782,29281.11782,
730,866142.1839,868585.9391,-2443.755128,2443.755128,
731,1435261.987,1335963.463,99298.52394,99298.52394,
732,1066768,971906.1545,94861.84555,94861.84555,
733,677772.3453,587363.2672,90409.07814,90409.07814,
734,1577849.524,1604762.367,-26912.8428,26912.8428,
735,1214262.699,1262126.825,-47864.1254,47864.1254,
736,1663653.71,1563717.745,99935.96513,99935.96513,
737,1317040.737,1233661.516,83379.22142,83379.22142,
738,1535152.074,1716970.56,-181818.4861,181818.4861,
739,1206539.666,1238720.74,-32181.07437,32181.07437,
740,1336743.383,1327642.576,9100.807718,9100.807718,
741,1046943.498,1115886.51,-68943.01131,68943.01131,
742,1518387.142,1463556.076,54831.06523,54831.06523,
743,1437983.825,1536053.448,-98069.62348,98069.62348,
744,1231157.255,1362291.575,-131134.3198,131134.3198,
745,1249331.45,1285283.3,-35951.8499,35951.8499,
746,953819.2096,866605.9453,87213.26423,87213.26423,
747,1569121.917,1526575.192,42546.72434,42546.72434,
748,615506.8011,571138.2414,44368.55968,44368.55968,
749,377618.9699,438147.756,-60528.78609,60528.78609,
750,1236093.914,1459111.872,-223017.9578,223017.9578,
751,1262494.287,1242895.149,19599.13761,19599.13761,
752,1544379.748,1800418.988,-256039.2403,256039.2403,
753,1621700.463,1594159.653,27540.8106,27540.8106,
754,1024973.195,869090.1958,155882.9994,155882.9994,
755,1335904.501,1330369.405,5535.096324,5535.096324,
756,1483041.335,1545874.123,-62832.78822,62832.78822,
757,1190213.513,1396717.74,-206504.2271,206504.2271,
758,151527.0826,370470.0411,-218942.9584,218942.9584,
759,528485.2467,486823.0257,41662.22104,41662.22104,
760,1245788.303,1324885.565,-79097.26206,79097.26206,
761,971928.9869,1026176.863,-54247.87614,54247.87614,
762,1232014.527,1225076.05,6938.477364,6938.477364,
763,1246410.341,1248446.342,-2036.001558,2036.001558,
764,1170573.77,1039773.337,130800.4331,130800.4331,
765,1006227.535,1055586.896,-49359.36121,49359.36121,
766,1667560.879,1712889.985,-45329.10617,45329.10617,
767,1425745.297,1349144.521,76600.776,76600.776,
768,1110931.826,1049041.698,61890.12805,61890.12805,
769,1688093.257,1651954.829,36138.42852,36138.42852,
770,1283401.789,1229732.179,53669.61074,53669.61074,
771,1352135.967,1177280.22,174855.7477,174855.7477,
772,1046442.634,1050190.023,-3747.388304,3747.388304,
773,1154917.394,1245351.231,-90433.8371,90433.8371,
774,1289082.363,1120756.265,168326.0982,168326.0982,
775,1196254.118,1277839.092,-81584.97441,81584.97441,
776,1480328.345,1388124.812,92203.53376,92203.53376,
777,625880.7321,837352.6132,-211471.8811,211471.8811,
778,1874895.602,2022149.487,-147253.8858,147253.8858,
779,1409439.076,1295006.884,114432.1918,114432.1918,
780,469262.8156,683751.1173,-214488.3017,214488.3017,
781,734101.4856,777418.2452,-43316.75963,43316.75963,
782,1473278.441,1418270.704,55007.7375,55007.7375,
783,1353635.41,1412374.646,-58739.23517,58739.23517,
784,1166399.672,990016.9888,176382.683,176382.683,
785,1205568.367,1140088.912,65479.45469,65479.45469,
786,1833208.579,1797579.286,35629.29305,35629.29305,
787,2049146.63,1861986.124,187160.5055,187160.5055,
788,1649156.608,1502328.231,146828.3766,146828.3766,
789,1057799.242,1030932.481,26866.7605,26866.7605,
790,896303.7992,1059757.582,-163453.7824,163453.7824,
791,1712282.259,1619080.564,93201.69532,93201.69532,
792,1811377.221,1725138.486,86238.73498,86238.73498,
793,1473761.532,1377597.423,96164.10921,96164.10921,
794,1002974.215,1097253.515,-94279.30055,94279.30055,
795,1206937.316,1116556.73,90380.58523,90380.58523,
796,818057.8953,809889.5205,8168.374763,8168.374763,
797,1294615.008,1312893.372,-18278.36429,18278.36429,
798,1152046.592,1081914.868,70131.72488,70131.72488,
799,1412144.508,1393598.351,18546.15752,18546.15752,
800,1940225.908,1725931.725,214294.1827,214294.1827,
801,1047689.266,1032374.57,15314.69587,15314.69587,
802,650939.2067,688651.3068,-37712.10017,37712.10017,
803,1294647.589,1436474.089,-141826.5002,141826.5002,
804,1219778.034,1269058.938,-49280.9041,49280.9041,
805,1020861.337,1068564.416,-47703.07897,47703.07897,
806,1250144.012,1348302.894,-98158.8812,98158.8812,
807,2016910.74,1981856.562,35054.17808,35054.17808,
808,961495.0964,863018.7725,98476.32393,98476.32393,
809,1441421.913,1428621.599,12800.314,12800.314,
810,760876.0222,509786.796,251089.2261,251089.2261,
811,1560270.485,1459717.261,100553.2242,100553.2242,
812,1162191.791,1294512.145,-132320.3544,132320.3544,
813,1495012.965,1423995.575,71017.38935,71017.38935,
814,1309937.399,1094467.92,215469.4786,215469.4786,
815,674657.9107,765343.5033,-90685.59261,90685.59261,
816,1381830.779,1466242.731,-84411.9518,84411.9518,
817,1385776.507,1449874.391,-64097.88376,64097.88376,
818,1429951.804,1413174.459,16777.34517,16777.34517,
819,1505890.915,1497702.189,8188.725835,8188.725835,
820,1401613.92,1307117.98,94495.93944,94495.93944,
821,1244440.135,1353386.408,-108946.2729,108946.2729,
822,1442128.732,1531290.129,-89161.39726,89161.39726,
823,1109260.854,1074350.888,34909.96587,34909.96587,
824,1224454.547,1273743.193,-49288.64536,49288.64536,
825,1005431.451,1024531.063,-19099.61224,19099.61224,
826,1106976.067,1036611.24,70364.82782,70364.82782,
827,1721739.384,1539747.55,181991.8338,181991.8338,
828,1359978.16,1330727.942,29250.21798,29250.21798,
829,1232872.356,1162804.052,70068.30374,70068.30374,
830,885709.7643,933027.8249,-47318.06064,47318.06064,
831,1123765.346,1067650.085,56115.26087,56115.26087,
832,1495518.624,1216509.973,279008.6504,279008.6504,
833,88591.77016,158156.5161,-69564.74591,69564.74591,
834,1170204.339,1182054.242,-11849.90289,11849.90289,
835,1296645.375,1235325.677,61319.69751,61319.69751,
836,975913.1051,1018109.315,-42196.20996,42196.20996,
837,2050988.497,1869990.685,180997.8113,180997.8113,
838,932979.3606,958438.2206,-25458.85993,25458.85993,
839,1316793.569,1319208.691,-2415.121582,2415.121582,
840,1031367.589,1057843.832,-26476.24317,26476.24317,
841,1408550.417,1409729.663,-1179.246461,1179.246461,
842,1222041.016,1317078.075,-95037.05924,95037.05924,
843,1361230.121,1529497.84,-168267.7186,168267.7186,
844,1158697.6,1213850.912,-55153.31155,55153.31155,
845,801348.5895,854842.9372,-53494.34772,53494.34772,
846,1501303.964,1617611.001,-116307.0368,116307.0368,
847,1128895.125,909176.5137,219718.6112,219718.6112,
848,1046818.07,1056542.148,-9724.078184,9724.078184,
849,1295901.454,1288504.261,7397.193841,7397.193841,
850,1610217.177,1579007.834,31209.34292,31209.34292,
851,623721.613,591768.3612,31953.25176,31953.25176,
852,1222726.564,1310545.605,-87819.04033,87819.04033,
853,1307136.335,1310507.689,-3371.354217,3371.354217,
854,1748864.715,1693349.887,55514.82763,55514.82763,
855,1296146.939,1366581.292,-70434.35288,70434.35288,
856,1146637.544,1155140.988,-8503.444484,8503.444484,
857,745523.8383,652378.2724,93145.5659,93145.5659,
858,1455691.797,1334843.559,120848.2379,120848.2379,
859,1249914.395,1230852.107,19062.28781,19062.28781,
860,1455107.451,1371746.632,83360.81939,83360.81939,
861,1156853.365,1227544.101,-70690.7362,70690.7362,
862,1234636.452,1249227.842,-14591.38994,14591.38994,
863,1166602.408,1164498.919,2103.489306,2103.489306,
864,1629640.53,1615950.594,13689.93625,13689.93625,
865,1978629.875,1883302.901,95326.97463,95326.97463,
866,1492009.563,1515663.805,-23654.24199,23654.24199,
867,1584317.753,1570354.404,13963.34825,13963.34825,
868,1148508.025,1392449.281,-243941.2553,243941.2553,
869,1491811.661,1551031.997,-59220.33573,59220.33573,
870,1240319.692,1239751.446,568.245889,568.245889,
871,288708.9121,396243.1905,-107534.2783,107534.2783,
872,931733.3639,898341.2576,33392.10628,33392.10628,
873,1178553.616,1245796.835,-67243.21897,67243.21897,
874,1500962.615,1481427.946,19534.66916,19534.66916,
875,912891.6806,848848.3948,64043.28577,64043.28577,
876,1075596.587,1101634.578,-26037.99095,26037.99095,
877,1602903.281,1568323.116,34580.16487,34580.16487,
878,1796531.903,1803060.013,-6528.109773,6528.109773,
879,1020145.973,1136482.346,-116336.3736,116336.3736,
880,893215.2366,857678.2516,35536.98501,35536.98501,
881,1397564.156,1395147.154,2417.002337,2417.002337,
882,852982.5644,885317.5822,-32335.01781,32335.01781,
883,1228323.225,1207707.522,20615.70315,20615.70315,
884,853084.1522,942503.5847,-89419.43252,89419.43252,
885,1137224.575,1111382.499,25842.0765,25842.0765,
886,1364738.296,1286805.114,77933.18219,77933.18219,
887,630943.4893,843993.8677,-213050.3784,213050.3784,
888,994654.4094,950672.7448,43981.66467,43981.66467,
889,1272337.504,1381779.859,-109442.3557,109442.3557,
890,1603342.669,1413361.96,189980.7094,189980.7094,
891,1409892.09,1502943.019,-93050.9294,93050.9294,
892,1327811.343,1318105.674,9705.668978,9705.668978,
893,1116902.345,1024640.738,92261.60681,92261.60681,
894,1048135.754,992341.9063,55793.84792,55793.84792,
895,1066040.789,1162484.708,-96443.91952,96443.91952,
896,1468752.657,1347088.857,121663.8006,121663.8006,
897,1096938.428,971033.3264,125905.1015,125905.1015,
898,1638661.432,1633077.665,5583.766462,5583.766462,
899,1241699.117,1164170.296,77528.82114,77528.82114,
900,943309.4486,1041469.982,-98160.53341,98160.53341,
901,2219724.162,2059416.989,160307.1727,160307.1727,
902,1606602.684,1502699.069,103903.6144,103903.6144,
903,778836.9229,846952.342,-68115.41907,68115.41907,
904,493350.0312,431600.9793,61749.05185,61749.05185,
905,1127260.126,1124255.648,3004.477455,3004.477455,
906,1463367.821,1294950.993,168416.8278,168416.8278,
907,1352547.693,1359546.137,-6998.443595,6998.443595,
908,944001.5583,828384.7164,115616.8419,115616.8419,
909,1802294.289,1814950.515,-12656.22577,12656.22577,
910,1392537.29,1373476.253,19061.03705,19061.03705,
911,1613325.655,1668635.555,-55309.90078,55309.90078,
912,714148.4148,831457.3755,-117308.9607,117308.9607,
913,1065150.787,1152120.274,-86969.48699,86969.48699,
914,1210826.773,1146897.723,63929.04984,63929.04984,
915,879618.3222,918270.1142,-38651.79193,38651.79193,
916,1040607.312,1145819.718,-105212.4062,105212.4062,
917,879511.1964,877540.1411,1971.05534,1971.05534,
918,1696086.168,1772050.039,-75963.87081,75963.87081,
919,1146480.214,1308508.424,-162028.2101,162028.2101,
920,1860681.947,1737386.654,123295.2925,123295.2925,
921,774009.5476,861160.5297,-87150.98214,87150.98214,
922,1242316.991,1184655.064,57661.9274,57661.9274,
923,1696977.663,1742642.726,-45665.06288,45665.06288,
924,945931.1936,1121040.156,-175108.962,175108.962,
925,1081497.277,1077623.824,3873.453062,3873.453062,
926,1956438.651,1753255.023,203183.6281,203183.6281,
927,1930344.449,1709763.259,220581.1902,220581.1902,
928,841236.1676,756829.6829,84406.48469,84406.48469,
929,863386.1738,776531.6256,86854.54823,86854.54823,
930,1259190.706,1289884.542,-30693.83542,30693.83542,
931,1641749.651,1568809.916,72939.73526,72939.73526,
932,759360.6548,680558.0209,78802.63388,78802.63388,
933,1220591.006,1285990.13,-65399.12367,65399.12367,
934,1261715.462,1240909.834,20805.62809,20805.62809,
935,1816099.138,1771932.233,44166.90444,44166.90444,
936,814879.2063,901959.8682,-87080.66193,87080.66193,
937,1562887.225,1810623.248,-247736.0234,247736.0234,
938,1584167.851,1406452.993,177714.8585,177714.8585,
939,2197436.875,2094777.716,102659.1593,102659.1593,
940,696040.1299,783604.7397,-87564.60977,87564.60977,
941,1287030.932,1417066.524,-130035.5924,130035.5924,
942,1061785.583,1076217.04,-14431.45624,14431.45624,
943,585531.2381,579672.7101,5858.527983,5858.527983,
944,1798521.605,1738309.531,60212.07384,60212.07384,
945,941950.5795,788264.7198,153685.8596,153685.8596,
946,983537.5108,1156315.396,-172777.8856,172777.8856,
947,1037382.577,1196288.024,-158905.447,158905.447,
948,858088.7188,940623.7918,-82535.07301,82535.07301,
949,1222045.091,1189087.666,32957.42526,32957.42526,
950,1122967.385,1218849.827,-95882.44233,95882.44233,
951,1347578.53,1361714.134,-14135.60341,14135.60341,
952,1399466.898,1290379.797,109087.1007,109087.1007,
953,1384965.654,1272038.39,112927.2643,112927.2643,
954,985059.3058,1017303.422,-32244.11587,32244.11587,
955,1005843.917,861663.9409,144179.9761,144179.9761,
956,1085943.076,1084965.849,977.2273061,977.2273061,
957,1156308.169,1186837.735,-30529.56578,30529.56578,
958,1808341.466,1808856.273,-514.8072695,514.8072695,
959,1697281.494,1793799.499,-96518.00545,96518.00545,
960,1910585.052,1863211.139,47373.91369,47373.91369,
961,1659170.513,1744175.421,-85004.90823,85004.90823,
962,828127.0276,915875.3171,-87748.28943,87748.28943,
963,302355.836,101016.4027,201339.4333,201339.4333,
964,1308465.24,1136625.497,171839.7429,171839.7429,
965,1360908.32,1308899.239,52009.08078,52009.08078,
966,1361219.3,1439312.487,-78093.18625,78093.18625,
967,1835564.689,1810987.778,24576.91095,24576.91095,
968,1318231.418,1405228.384,-86996.9655,86996.9655,
969,1359762.694,1323392.09,36370.60342,36370.60342,
970,839194.0689,688416.7729,150777.2961,150777.2961,
971,1214986.886,1217903.464,-2916.578479,2916.578479,
972,670356.8953,598234.1232,72122.77215,72122.77215,
973,1457767.533,1589029.672,-131262.139,131262.139,
974,1276987.492,1215880.915,61106.57721,61106.57721,
975,1372549.782,1248039.04,124510.742,124510.742,
976,1626368.667,1543973.316,82395.35141,82395.35141,
977,606863.1415,592305.9365,14557.20497,14557.20497,
978,762167.2533,767674.1376,-5506.884275,5506.884275,
979,1236874.809,1401955.436,-165080.6273,165080.6273,
980,1340769.768,1324546.69,16223.07806,16223.07806,
981,658646.1847,840756.414,-182110.2292,182110.2292,
982,1017105.371,1038707.894,-21602.52342,21602.52342,
983,1335883.831,1547540.922,-211657.0905,211657.0905,
984,1372806.616,1292726.712,80079.9045,80079.9045,
985,1270502.871,1163160.342,107342.528,107342.528,
986,1290043.367,1345414.332,-55370.96543,55370.96543,
987,1153433.081,1342364.98,-188931.8989,188931.8989,
988,887016.9764,1073390.914,-186373.9374,186373.9374,
989,1643338.993,1569911.781,73427.21137,73427.21137,
990,1584439.713,1592952.245,-8512.532625,8512.532625,
991,1772390.553,1801457.771,-29067.21811,29067.21811,
992,757469.0222,792758.3548,-35289.33252,35289.33252,
993,1616937.019,1826188.642,-209251.6238,209251.6238,
994,2082236.244,2064798.214,17438.02984,17438.02984,
995,762144.9261,772146.4956,-10001.56949,10001.56949,
996,895845.5655,1021452.159,-125606.5934,125606.5934,
997,1451930.631,1386857.023,65073.60859,65073.60859,
998,1068786.672,1068799.938,-13.26625907,13.26625907,
999,1571848.231,1736983.103,-165134.8715,165134.8715,
1000,1400111.497,1197868.73,202242.7668,202242.7668,
1001,968360.5234,1024113.26,-55752.73694,55752.73694,
1002,1558758.796,1666454.741,-107695.9448,107695.9448,
1003,997448.7281,942381.4583,55067.26977,55067.26977,
1004,997827.2538,906098.5504,91728.7034,91728.7034,
1005,1268125.838,1229973.699,38152.13896,38152.13896,
1006,691854.921,493246.1626,198608.7585,198608.7585,
1007,1672445.348,1648782.881,23662.46746,23662.46746,
1008,1547133.396,1541107.34,6026.056406,6026.056406,
1009,1940195.374,2001736.272,-61540.89814,61540.89814,
1010,1491290.049,1532592.415,-41302.3661,41302.3661,
1011,1316129.309,1394090.67,-77961.36129,77961.36129,
1012,1515005.384,1561157.599,-46152.21506,46152.21506,
1013,806121.8394,833236.605,-27114.76552,27114.76552,
1014,1139959.933,1057717.487,82242.44544,82242.44544,
1015,1128842.209,1234140.827,-105298.6183,105298.6183,
1016,1381442.758,1451273.369,-69830.61089,69830.61089,
1017,1675702.223,1654564.139,21138.08427,21138.08427,
1018,1431386.814,1511493.921,-80107.10673,80107.10673,
1019,1223432.84,1135192.074,88240.76544,88240.76544,
1020,1180967.735,1125323.618,55644.1172,55644.1172,
1021,829868.2304,855111.6175,-25243.38708,25243.38708,
1022,1272180.197,1125297.003,146883.1936,146883.1936,
1023,1347234.093,1356116.798,-8882.705239,8882.705239,
1024,1540418.222,1373668.231,166749.9908,166749.9908,
1025,671671.7145,922940.7923,-251269.0778,251269.0778,
1026,949684.4102,1089194.613,-139510.2027,139510.2027,
1027,752800.1475,593610.6796,159189.4679,159189.4679,
1028,1810561.175,1735253.714,75307.46107,75307.46107,
1029,1027311.508,1029878.829,-2567.321489,2567.321489,
1030,1347210.092,1227474.376,119735.7167,119735.7167,
1031,1141916.525,1087953.051,53963.47395,53963.47395,
1032,1867050.536,1886430.282,-19379.74581,19379.74581,
1033,854487.597,1096363.464,-241875.8675,241875.8675,
1034,850010.1816,689225.4225,160784.7591,160784.7591,
1035,1428693.93,1445192.193,-16498.26301,16498.26301,
1036,752842.676,936133.6102,-183290.9342,183290.9342,
1037,1035171.06,1107186.133,-72015.07323,72015.07323,
1038,1341870.354,1284646.244,57224.11025,57224.11025,
1039,1450996.038,1477803.585,-26807.54728,26807.54728,
1040,676979.7154,779645.9613,-102666.2459,102666.2459,
1041,1460341.011,1472274.154,-11933.14236,11933.14236,
1042,1055484.373,915064.8587,140419.5148,140419.5148,
1043,1578829.012,1518398.412,60430.60059,60430.60059,
1044,1515157.081,1683595.224,-168438.143,168438.143,
1045,963934.013,803505.4211,160428.5919,160428.5919,
1046,1517922.272,1414039.334,103882.9376,103882.9376,
1047,1107159.781,1268198.371,-161038.5908,161038.5908,
1048,923971.5832,998049.5246,-74077.94135,74077.94135,
1049,1661592.789,1733637.344,-72044.55445,72044.55445,
1050,1459834.789,1500464.343,-40629.55319,40629.55319,
1051,736897.4095,853290.6539,-116393.2444,116393.2444,
1052,744450.2293,835605.4078,-91155.1785,91155.1785,
1053,1057308.29,1121498.414,-64190.12431,64190.12431,
1054,1014548.233,1057854.502,-43306.26973,43306.26973,
1055,1264972.442,1122844.808,142127.6339,142127.6339,
1056,1537335.897,1657308.367,-119972.4695,119972.4695,
1057,1204598.037,1353845.011,-149246.9736,149246.9736,
1058,1209797.58,1000312.427,209485.153,209485.153,
1059,1034366.778,1062227.936,-27861.15818,27861.15818,
1060,1036782.245,877037.5478,159744.6971,159744.6971,
1061,1106149.686,1162110.867,-55961.18095,55961.18095,
1062,1251873.624,1155486.31,96387.31396,96387.31396,
1063,1180091.498,1127994.031,52097.46697,52097.46697,
1064,881443.9247,946454.2374,-65010.31262,65010.31262,
1065,231189.821,292850.1341,-61660.31316,61660.31316,
1066,685123.1393,550941.146,134181.9933,134181.9933,
1067,785460.6977,878480.8485,-93020.15083,93020.15083,
1068,1191564.2,1274372.587,-82808.38686,82808.38686,
1069,1401560.917,1387850.426,13710.49151,13710.49151,
1070,1504026.27,1457465.722,46560.54739,46560.54739,
1071,1214941.762,1210438.107,4503.654381,4503.654381,
1072,1343605.8,1406114.214,-62508.4138,62508.4138,
1073,1752594.821,1511350.381,241244.4403,241244.4403,
1074,1246440.856,1303786.444,-57345.58864,57345.58864,
1075,1483808.337,1220583.265,263225.0718,263225.0718,
1076,773360.698,776754.3483,-3393.650281,3393.650281,
1077,1063399.275,987905.3486,75493.92616,75493.92616,
1078,1151741.155,1152429.416,-688.2617578,688.2617578,
1079,1210161.07,1076239.31,133921.7601,133921.7601,
1080,839453.2926,885098.0879,-45644.79524,45644.79524,
1081,1560870.211,1582234.786,-21364.57479,21364.57479,
1082,2024121.461,1883776.063,140345.3988,140345.3988,
1083,1309829.936,1373963.911,-64133.97513,64133.97513,
1084,913587.0974,1006722.351,-93135.254,93135.254,
1085,1976170.089,2039555.582,-63385.49235,63385.49235,
1086,945833.1891,975580.5892,-29747.40009,29747.40009,
1087,1005946.767,969140.8514,36805.91591,36805.91591,
1088,1358899.686,1213394.491,145505.1949,145505.1949,
1089,700903.5639,663783.0393,37120.52461,37120.52461,
1090,1184614.087,1197313.799,-12699.71234,12699.71234,
1091,1182980.604,1271471.065,-88490.46114,88490.46114,
1092,1880127.062,1826183.151,53943.91194,53943.91194,
1093,1379169.449,1354819.732,24349.7171,24349.7171,
1094,1718625.945,1788521.463,-69895.5173,69895.5173,
1095,555504.1478,641644.6036,-86140.45581,86140.45581,
1096,972536.6628,750637.8178,221898.845,221898.845,
1097,1411730.477,1392241.608,19488.86965,19488.86965,
1098,1561234.133,1519229.282,42004.85161,42004.85161,
1099,1083187.427,1242529.224,-159341.7974,159341.7974,
1100,928210.7615,847437.9679,80772.79366,80772.79366,
1101,1552915.164,1505494.439,47420.72588,47420.72588,
1102,1237246.145,1354079.824,-116833.6789,116833.6789,
1103,879062.5907,899484.3184,-20421.72767,20421.72767,
1104,1689120.427,1762997.128,-73876.701,73876.701,
1105,846055.7174,918512.3174,-72456.59998,72456.59998,
1106,1377430.072,1390721.79,-13291.71773,13291.71773,
1107,1457672.906,1491922.248,-34249.34277,34249.34277,
1108,1194083.247,1220465.47,-26382.22252,26382.22252,
1109,956009.1436,972805.657,-16796.51335,16796.51335,
1110,1641030.478,1649440.2,-8409.721704,8409.721704,
1111,809089.6719,836274.3211,-27184.64914,27184.64914,
1112,1245749.594,1146265.761,99483.8335,99483.8335,
1113,987973.8928,1013224.396,-25250.50353,25250.50353,
1114,1354928.95,1512002.805,-157073.8551,157073.8551,
1115,1301486.686,1364658.406,-63171.72067,63171.72067,
1116,663128.8401,729167.7864,-66038.94638,66038.94638,
1117,1668670.656,1734821.386,-66150.73029,66150.73029,
1118,1305127.336,1142335.135,162792.2015,162792.2015,
1119,978312.7484,1205565.765,-227253.0165,227253.0165,
1120,1917583.999,1970535.848,-52951.84974,52951.84974,
1121,1198313.598,1316382.138,-118068.5395,118068.5395,
1122,1637944.645,1566914.356,71030.2892,71030.2892,
1123,1880178.647,1871994.636,8184.010908,8184.010908,
1124,1528900.856,1547539.354,-18638.49715,18638.49715,
1125,1099351.354,1203780.637,-104429.2829,104429.2829,
1126,1100152.088,1299472.461,-199320.3729,199320.3729,
1127,1039332.667,865704.7413,173627.9261,173627.9261,
1128,1102641.114,981648.3307,120992.7833,120992.7833,
1129,1084063.642,1094782.236,-10718.59405,10718.59405,
1130,1883469.244,1761795.1,121674.1437,121674.1437,
1131,1360787.871,1391197.255,-30409.38426,30409.38426,
1132,1137467.586,1233811.256,-96343.66984,96343.66984,
1133,1229702.948,1380489.424,-150786.4756,150786.4756,
1134,1481940.762,1391270.161,90670.60013,90670.60013,
1135,1185226.617,1174828.155,10398.46185,10398.46185,
1136,1046957.117,1033223.341,13733.77603,13733.77603,
1137,1305210.265,1255451.088,49759.17708,49759.17708,
1138,1472967.814,1349730.385,123237.4293,123237.4293,
1139,1339096.077,1312506.967,26589.10981,26589.10981,
1140,1299126.83,1254645.33,44481.4996,44481.4996,
1141,1720670.877,1710391.382,10279.49471,10279.49471,
1142,1109665.563,1123286.575,-13621.01127,13621.01127,
1143,300464.0987,308556.4523,-8092.353611,8092.353611,
1144,948366.9679,1002805.566,-54438.59823,54438.59823,
1145,1657667.332,1502439.039,155228.2936,155228.2936,
1146,1294750.368,1238654.156,56096.21134,56096.21134,
1147,1279160.988,1290572.904,-11411.91673,11411.91673,
1148,1671350.14,1635059.47,36290.66996,36290.66996,
1149,1103485.707,1221704.407,-118218.7001,118218.7001,
1150,778546.1621,901804.1849,-123258.0228,123258.0228,
1151,1023965.403,1013079.971,10885.43266,10885.43266,
1152,1592175.512,1687089.835,-94914.32252,94914.32252,
1153,1175781.418,1141967.77,33813.64747,33813.64747,
1154,1375951.064,1353686.832,22264.23257,22264.23257,
1155,568703.1838,733622.0984,-164918.9146,164918.9146,
1156,1042144.231,1057907.604,-15763.37315,15763.37315,
1157,1242979.154,1074730.995,168248.159,168248.159,
1158,1529281.84,1371820.993,157460.8475,157460.8475,
1159,1222277.091,1352882.246,-130605.1555,130605.1555,
1160,1115466.585,1121362.894,-5896.309094,5896.309094,
1161,1286980.807,1202727.283,84253.52442,84253.52442,
1162,921321.015,732331.2865,188989.7285,188989.7285,
1163,291724.2456,403854.6079,-112130.3623,112130.3623,
1164,1385978.984,1312175.034,73803.94979,73803.94979,
1165,1520371.008,1536224.116,-15853.10807,15853.10807,
1166,910211.0189,821075.9361,89135.08285,89135.08285,
1167,866328.1313,994037.2781,-127709.1468,127709.1468,
1168,1489520.019,1517222.547,-27702.52843,27702.52843,
1169,742645.1459,957023.1858,-214378.0399,214378.0399,
1170,668255.4804,501358.1065,166897.3739,166897.3739,
1171,1291331.518,1308255.385,-16923.86608,16923.86608,
1172,1124042.948,1128795.857,-4752.909085,4752.909085,
1173,873241.9886,763310.5386,109931.45,109931.45,
1174,1029855.714,867653.0541,162202.6599,162202.6599,
1175,1845630.071,1911481.212,-65851.14159,65851.14159,
1176,1376898.058,1378023.671,-1125.612912,1125.612912,
1177,932380.5504,975894.9271,-43514.37673,43514.37673,
1178,957117.6472,799749.5863,157368.0608,157368.0608,
1179,767214.7961,776082.7269,-8867.930747,8867.930747,
1180,357250.6878,354951.3988,2299.288931,2299.288931,
1181,1272719.632,1300669.143,-27949.5112,27949.5112,
1182,693681.0044,877505.5918,-183824.5874,183824.5874,
1183,1735826.005,1636586.749,99239.2567,99239.2567,
1184,1578087.139,1517292.577,60794.56207,60794.56207,
1185,1865071.41,1982107.942,-117036.5324,117036.5324,
1186,1204214.03,1118615.663,85598.36704,85598.36704,
1187,1312093.361,1442846.89,-130753.5291,130753.5291,
1188,1161457.848,1146116.237,15341.61116,15341.61116,
1189,1061222.537,1017896.569,43325.9682,43325.9682,
1190,1598736.4,1443836.843,154899.5571,154899.5571,
1191,1211102.211,1232555.01,-21452.79899,21452.79899,
1192,984311.7745,962121.3644,22190.41016,22190.41016,
1193,1663473.121,1524302.525,139170.5962,139170.5962,
1194,1504315.619,1532385.673,-28070.05453,28070.05453,
1195,1048969.493,1084505.711,-35536.21743,35536.21743,
1196,1462989.491,1372486.797,90502.69364,90502.69364,
1197,1409943.303,1300597.213,109346.0899,109346.0899,
1198,1185743.824,1361354.405,-175610.5807,175610.5807,
1199,1138748.964,1182301.625,-43552.66108,43552.66108,
1200,1090788.981,1069320.591,21468.39057,21468.39057,
1201,1558639.881,1569100.579,-10460.69762,10460.69762,
1202,619664.2512,664792.9696,-45128.71839,45128.71839,
1203,1047452.508,1129558.879,-82106.37061,82106.37061,
1204,1456969.577,1627707.525,-170737.9484,170737.9484,
1205,1316180.494,1455719.113,-139538.6192,139538.6192,
1206,713615.8686,747746.6935,-34130.82494,34130.82494,
1207,1813856.314,1815575.398,-1719.084019,1719.084019,
1208,1546469.783,1433556.493,112913.2894,112913.2894,
1209,1597152.901,1651582.936,-54430.03503,54430.03503,
1210,1423296.118,1459025.636,-35729.5176,35729.5176,
1211,952912.2012,1130774.976,-177862.7748,177862.7748,
1212,758570.7972,1003723.29,-245152.4925,245152.4925,
1213,1129388.123,1005843.753,123544.3703,123544.3703,
1214,1200653.345,1235060.818,-34407.47253,34407.47253,
1215,852565.6269,1028581.802,-176016.1747,176016.1747,
1216,1601678.263,1628247.848,-26569.58473,26569.58473,
1217,1341069.16,1263540.013,77529.1473,77529.1473,
1218,1902118.699,1810746.927,91371.77252,91371.77252,
1219,1246218.31,1279765.866,-33547.5564,33547.5564,
1220,1761960.569,1750788.689,11171.87927,11171.87927,
1221,1592768.242,1600380.647,-7612.405034,7612.405034,
1222,1193106.94,1213685.467,-20578.52662,20578.52662,
1223,911202.1683,933836.7219,-22634.55359,22634.55359,
1224,1039915.341,1016367.759,23547.58207,23547.58207,
1225,1556552.474,1540875.711,15676.76288,15676.76288,
1226,1706689.94,1620146.827,86543.1128,86543.1128,
1227,1420283.559,1478347.704,-58064.145,58064.145,
1228,1205114.23,1084591.361,120522.8694,120522.8694,
1229,907462.4512,866849.1341,40613.31708,40613.31708,
1230,1555490.621,1587594.176,-32103.55474,32103.55474,
1231,1011140.799,1189565.611,-178424.8118,178424.8118,
1232,924728.5374,877481.6405,47246.89685,47246.89685,
1233,1540869.872,1462452.478,78417.39358,78417.39358,
1234,1405495.71,1357162.359,48333.35083,48333.35083,
1235,1101239.492,977169.7611,124069.7311,124069.7311,
1236,1184462.32,1196731.687,-12269.36714,12269.36714,
1237,1000087.121,900659.3027,99427.81792,99427.81792,
1238,1245400.955,1216233.069,29167.8866,29167.8866,
1239,679228.9927,998804.4707,-319575.4779,319575.4779,
1240,1439892.632,1404476.342,35416.29024,35416.29024,
1241,1765281.093,1492230.624,273050.469,273050.469,
1242,1512578.553,1516946.124,-4367.571034,4367.571034,
1243,1466605.774,1340724.232,125881.5419,125881.5419,
1244,1226440.247,1268865.326,-42425.07913,42425.07913,
1245,1779858.274,1665822.403,114035.8711,114035.8711,
1246,1404540.758,1356375.879,48164.87916,48164.87916,
1247,914378.3344,769541.9183,144836.4161,144836.4161,
1248,1479295.571,1588860.58,-109565.0087,109565.0087,
1249,1747244.863,1734751.964,12492.89888,12492.89888,
1250,1213852.473,1168520.238,45332.23503,45332.23503,
1251,1082588.727,1209019.194,-126430.4669,126430.4669,
1252,743393.3473,811628.9522,-68235.60484,68235.60484,
1253,1252691.793,1221117.016,31574.77641,31574.77641,
1254,1574526.977,1484699.277,89827.70042,89827.70042,
1255,633875.9302,662827.9404,-28952.01015,28952.01015,
1256,1226586.921,1214741.218,11845.70312,11845.70312,
1257,664978.8738,867150.8939,-202172.0201,202172.0201,
1258,1427108.501,1476406.866,-49298.36464,49298.36464,
1259,1616631.334,1428630.563,188000.7706,188000.7706,
1260,952533.5782,905221.0612,47312.51701,47312.51701,
1261,1365151.394,1521207.655,-156056.2605,156056.2605,
1262,1165875.306,1163853.534,2021.772103,2021.772103,
1263,1065907.081,1243796.839,-177889.7581,177889.7581,
1264,705444.1168,856523.4441,-151079.3273,151079.3273,
1265,1300362.028,1466057.612,-165695.5841,165695.5841,
1266,1279117.965,1393926.693,-114808.7279,114808.7279,
1267,1400496.655,1420298.595,-19801.93968,19801.93968,
1268,714706.4289,799633.4051,-84926.97627,84926.97627,
1269,1349818.25,1378912.477,-29094.22681,29094.22681,
1270,667428.2537,758677.8892,-91249.63551,91249.63551,
1271,1084255.678,778383.1178,305872.5605,305872.5605,
1272,1565151.545,1499069.861,66081.68425,66081.68425,
1273,943404.239,1087910.236,-144505.9974,144505.9974,
1274,1309397.049,1470758.405,-161361.3559,161361.3559,
1275,828497.0671,976497.515,-148000.4479,148000.4479,
1276,1086708.661,1229985.568,-143276.9066,143276.9066,
1277,1527961.835,1411330.492,116631.3433,116631.3433,
1278,1729061.656,1673860.503,55201.153,55201.153,
1279,1791307.241,1818103.954,-26796.71317,26796.71317,
1280,1969194.124,1856500.314,112693.8105,112693.8105,
1281,1309768.196,1289624.39,20143.80652,20143.80652,
1282,1237360.718,1137524.442,99836.2765,99836.2765,
1283,433247.1566,579176.9178,-145929.7612,145929.7612,
1284,889113.2389,820425.1122,68688.1267,68688.1267,
1285,1124719.49,1172412.346,-47692.85609,47692.85609,
1286,1115721.687,1119436.482,-3714.795262,3714.795262,
1287,491085.826,619303.7691,-128217.9431,128217.9431,
1288,566645.8578,614630.3503,-47984.49243,47984.49243,
1289,1482617.729,1404579.783,78037.94602,78037.94602,
1290,1078016.94,1126365.502,-48348.56223,48348.56223,
1291,1877268.75,1785522.286,91746.46422,91746.46422,
1292,1726719.067,1689951.87,36767.19638,36767.19638,
1293,1549031.093,1527166.98,21864.11335,21864.11335,
1294,722115.1243,754348.8942,-32233.76989,32233.76989,
1295,956435.2633,1026849.08,-70413.81705,70413.81705,
1296,1421047.646,1338440.868,82606.77798,82606.77798,
1297,1569600.446,1553336.319,16264.12685,16264.12685,
1298,836339.8169,788289.1003,48050.71669,48050.71669,
1299,1488535.16,1481788.33,6746.829297,6746.829297,
1300,1212461.526,1287708.685,-75247.15873,75247.15873,
1301,924346.1648,1078648.371,-154302.2065,154302.2065,
1302,1842736.247,1897439.686,-54703.43858,54703.43858,
1303,1236044.316,1288916.886,-52872.57088,52872.57088,
1304,925394.135,797622.6268,127771.5082,127771.5082,
1305,1404622.086,1366229.894,38392.19201,38392.19201,
1306,866666.0554,969918.9969,-103252.9416,103252.9416,
1307,1553395.562,1639624.244,-86228.68154,86228.68154,
1308,649223.5061,579797.8775,69425.62855,69425.62855,
1309,1370909.952,1366809.703,4100.248725,4100.248725,
1310,1277744.739,1175135.258,102609.4809,102609.4809,
1311,1285019.137,1247215.738,37803.39844,37803.39844,
1312,1100380.261,1018873.347,81506.91362,81506.91362,
1313,1115323.015,929010.3607,186312.6542,186312.6542,
1314,1331374.948,1169748.198,161626.7494,161626.7494,
1315,880851.0552,901870.3353,-21019.2801,21019.2801,
1316,1511352.256,1471142.755,40209.50062,40209.50062,
1317,1096069.287,1123038.988,-26969.70103,26969.70103,
1318,1359052.846,1294177.206,64875.63929,64875.63929,
1319,1734814.16,1641530.611,93283.54936,93283.54936,
1320,1698820.102,1627635.865,71184.23745,71184.23745,
1321,1245785.051,1064858.737,180926.3135,180926.3135,
1322,1128906.339,1119272.356,9633.983377,9633.983377,
1323,1299327.433,1275730.034,23597.39872,23597.39872,
1324,975385.5554,880305.4391,95080.11627,95080.11627,
1325,1513650.381,1471429.871,42220.50981,42220.50981,
1326,1676070.943,1738171.992,-62101.04902,62101.04902,
1327,1512542.441,1459041.27,53501.1715,53501.1715,
1328,1156979.915,1153892.402,3087.513285,3087.513285,
1329,973096.3582,852211.384,120884.9742,120884.9742,
1330,1241386.737,1294945.373,-53558.63581,53558.63581,
1331,542596.9895,655084.3653,-112487.3758,112487.3758,
1332,1247289.49,1271398.272,-24108.78143,24108.78143,
1333,1394518.415,1466371.981,-71853.56524,71853.56524,
1334,1261761.231,1392539.399,-130778.1685,130778.1685,
1335,1247581.212,1375131.964,-127550.7528,127550.7528,
1336,798254.2245,957354.7725,-159100.548,159100.548,
1337,1587406.303,1767012.661,-179606.3586,179606.3586,
1338,1127499.384,1108421.437,19077.94704,19077.94704,
1339,1046627.052,1115497.718,-68870.66572,68870.66572,
1340,736798.5333,656431.7567,80366.77666,80366.77666,
1341,1598159.227,1615925.816,-17766.58914,17766.58914,
1342,826587.3919,847352.7153,-20765.32335,20765.32335,
1343,1319478.287,1279311.305,40166.98251,40166.98251,
1344,412057.4401,388587.9683,23469.47179,23469.47179,
1345,1240503.524,1184111.362,56392.16178,56392.16178,
1346,1676770.331,1618453.781,58316.54923,58316.54923,
1347,995144.1066,1089709.155,-94565.04822,94565.04822,
1348,1460364.3,1505789.777,-45425.4771,45425.4771,
1349,1173474.379,1065760.118,107714.2605,107714.2605,
1350,1596342.909,1562186.882,34156.02718,34156.02718,
1351,764756.0935,1051956.002,-287199.909,287199.909,
1352,1009854.705,1048113.752,-38259.04707,38259.04707,
1353,990894.0537,1235031.586,-244137.5321,244137.5321,
1354,1618127.607,1587415.631,30711.9757,30711.9757,
1355,1477595.999,1528978.191,-51382.19149,51382.19149,
1356,1371298.425,1512694.781,-141396.356,141396.356,
1357,383020.8277,320964.1339,62056.69386,62056.69386,
1358,1289190.763,1269573.986,19616.77637,19616.77637,
1359,889831.1511,870507.3246,19323.82649,19323.82649,
1360,1383766.082,1312186.344,71579.73815,71579.73815,
1361,1478028.174,1445189.624,32838.54995,32838.54995,
1362,1064854.309,1069271.641,-4417.332095,4417.332095,
1363,1382787.325,1380239.136,2548.188506,2548.188506,
1364,1204137.323,1285852.999,-81715.67606,81715.67606,
1365,1633138.098,1717438.793,-84300.69553,84300.69553,
1366,685355.4168,653790.8329,31564.58392,31564.58392,
1367,1242111.428,1203375.878,38735.5505,38735.5505,
1368,581134.9649,324963.0612,256171.9038,256171.9038,
1369,1285157.87,1277414.694,7743.1758,7743.1758,
1370,1412626.519,1355039.106,57587.41292,57587.41292,
1371,1388209.219,1343255.598,44953.6214,44953.6214,
1372,744741.9093,763410.3658,-18668.45656,18668.45656,
1373,1073183.76,893150.1731,180033.5868,180033.5868,
1374,1778013.334,1729255.916,48757.41839,48757.41839,
1375,1877073.575,1837432.918,39640.65642,39640.65642,
1376,1500939.827,1452647.15,48292.67677,48292.67677,
1377,1292740.446,1278712.02,14028.42594,14028.42594,
1378,1639099.378,1751102.832,-112003.4544,112003.4544,
1379,1322439.108,1344286.514,-21847.40686,21847.40686,
1380,1568700.586,1524219.522,44481.06354,44481.06354,
1381,1445804.832,1428628.376,17176.45575,17176.45575,
1382,576356.0319,494684.3529,81671.67897,81671.67897,
1383,1860358.468,1853826.941,6531.527359,6531.527359,
1384,742449.3106,771188.6061,-28739.29544,28739.29544,
1385,1578493.708,1468027.315,110466.3927,110466.3927,
1386,1051644.554,1185065.549,-133420.9949,133420.9949,
1387,1521085.472,1437502.385,83583.08795,83583.08795,
1388,1152604.142,1077185.431,75418.71089,75418.71089,
1389,1440909.001,1262692.714,178216.2873,178216.2873,
1390,732244.1581,774296.8739,-42052.71579,42052.71579,
1391,1242421.532,1134904.922,107516.61,107516.61,
1392,1096173.168,1019069.835,77103.3332,77103.3332,
1393,1135465.473,1341003.237,-205537.7639,205537.7639,
1394,1410010.994,1492662.157,-82651.16309,82651.16309,
1395,1267803.317,1133059.976,134743.3405,134743.3405,
1396,1369970.613,1354957.943,15012.67013,15012.67013,
1397,1859160.625,1796296.06,62864.56533,62864.56533,
1398,985339.4738,1008111.964,-22772.49016,22772.49016,
1399,1537864.882,1418498.744,119366.1375,119366.1375,
1400,1754969.162,1738704.82,16264.34163,16264.34163,
1401,774491.6533,750502.3941,23989.25923,23989.25923,
1402,990893.1601,952743.4822,38149.6779,38149.6779,
1403,1078534.553,1046955.912,31578.64073,31578.64073,
1404,874497.2655,821735.1179,52762.1476,52762.1476,
1405,601973.0017,710918.3161,-108945.3144,108945.3144,
1406,1788515.818,1818268.41,-29752.59191,29752.59191,
1407,982790.871,895063.537,87727.33402,87727.33402,
1408,1003642.627,1030900.67,-27258.04245,27258.04245,
1409,1599860.08,1553588.433,46271.64622,46271.64622,
1410,1030016.645,1184886.737,-154870.0924,154870.0924,
1411,1449829.494,1770154.945,-320325.4515,320325.4515,
1412,1277780.512,1290195.694,-12415.18144,12415.18144,
1413,1028275.104,1073319.133,-45044.02903,45044.02903,
1414,1877941.971,1925100.687,-47158.71518,47158.71518,
1415,829794.8233,993692.2391,-163897.4158,163897.4158,
1416,1442945.145,1536723.251,-93778.10597,93778.10597,
1417,1399909.049,1557295.93,-157386.8811,157386.8811,
1418,1955253.711,2034899.878,-79646.16695,79646.16695,
1419,1222701.012,1348955.46,-126254.4482,126254.4482,
1420,624482.7636,716509.2215,-92026.45794,92026.45794,
1421,978035.3448,966519.6114,11515.7334,11515.7334,
1422,1043415.992,1105677.51,-62261.51783,62261.51783,
1423,1430051.088,1234307.456,195743.6327,195743.6327,
1424,1380070.45,1349092.436,30978.01422,30978.01422,
1425,2180065.598,2250070.649,-70005.05176,70005.05176,
1426,1085101.324,1128516.806,-43415.48172,43415.48172,
1427,1541746.291,1461621.816,80124.4748,80124.4748,
1428,1153680.146,1229830.56,-76150.41353,76150.41353,
1429,1593347.849,1390834.878,202512.9713,202512.9713,
1430,1502447.917,1723473.159,-221025.2425,221025.2425,
1431,1513846.595,1318890.416,194956.1789,194956.1789,
1432,958909.1935,1129373.272,-170464.0782,170464.0782,
1433,1096912.036,1146409.008,-49496.97174,49496.97174,
1434,680982.7688,774025.7763,-93043.00747,93043.00747,
1435,1123991.977,1145312.087,-21320.10957,21320.10957,
1436,1676172.305,1649399.297,26773.00795,26773.00795,
1437,998240.8508,1144204.977,-145964.1261,145964.1261,
1438,1153516.919,1277899.734,-124382.8149,124382.8149,
1439,936234.3476,797350.6872,138883.6604,138883.6604,
1440,1030591.429,1200973.906,-170382.477,170382.477,
1441,454234.3344,490736.6979,-36502.36346,36502.36346,
1442,893802.0888,1016706.224,-122904.1348,122904.1348,
1443,946182.0502,1020505.461,-74323.4109,74323.4109,
1444,1235591.828,1230549.647,5042.181811,5042.181811,
1445,874103.6606,767664.6075,106439.0531,106439.0531,
1446,1115549.268,1109179.862,6369.405598,6369.405598,
1447,1303542.283,1632374.279,-328831.9968,328831.9968,
1448,1088222.421,806775.9007,281446.5202,281446.5202,
1449,1114430.953,1095460.638,18970.31584,18970.31584,
1450,1155752.745,1184564.744,-28811.99963,28811.99963,
1451,1573288.818,1471169.201,102119.6169,102119.6169,
1452,1692335.964,1698155.528,-5819.563893,5819.563893,
1453,1165240.178,1280782.948,-115542.7704,115542.7704,
1454,1080170.907,1146398.22,-66227.31362,66227.31362,
1455,1411334.219,1432581.135,-21246.91521,21246.91521,
1456,652991.1054,767691.7397,-114700.6343,114700.6343,
1457,1007478.748,1074124.795,-66646.047,66646.047,
1458,1197307.146,1149392.491,47914.65471,47914.65471,
1459,2249122.541,2181139.224,67983.31744,67983.31744,
1460,1243501.651,1322950.288,-79448.63754,79448.63754,
1461,1575492.496,1608368.613,-32876.11655,32876.11655,
1462,1105990.694,1114750.007,-8759.313056,8759.313056,
1463,1268703.811,1252123.636,16580.17433,16580.17433,
1464,818289.7642,827816.7021,-9526.937876,9526.937876,
1465,1465223.509,1339292.804,125930.7051,125930.7051,
1466,512252.8035,772412.726,-260159.9225,260159.9225,
1467,1860648.745,1715138.798,145509.9469,145509.9469,
1468,1383508.062,1310268.93,73239.13152,73239.13152,
1469,922514.088,936222.3777,-13708.28977,13708.28977,
1470,875799.2473,812310.7662,63488.48111,63488.48111,
1471,1016163.177,1114349.142,-98185.96483,98185.96483,
1472,975429.4928,930390.1028,45039.38999,45039.38999,
1473,1023943.775,1172009.041,-148065.2663,148065.2663,
1474,1378399.109,1565881.786,-187482.6765,187482.6765,
1475,1471784.005,1523499.92,-51715.91509,51715.91509,
1476,1102062.098,1235556.648,-133494.5503,133494.5503,
1477,1626676.49,1532874.101,93802.3886,93802.3886,
1478,834599.9392,854762.8177,-20162.87851,20162.87851,
1479,1483685.904,1374891.939,108793.9646,108793.9646,
1480,1211899.666,1155457.01,56442.65659,56442.65659,
1481,1196064.33,1103834.45,92229.88009,92229.88009,
1482,1349743.146,1494463.294,-144720.1481,144720.1481,
1483,1589765.497,1546720.226,43045.27072,43045.27072,
1484,1770616.93,1685760.385,84856.54511,84856.54511,
1485,635429.2305,664827.6433,-29398.41282,29398.41282,
1486,1076334.103,932596.9151,143737.1875,143737.1875,
1487,1260374.966,1235012.311,25362.6557,25362.6557,
1488,1453381.624,1470109.467,-16727.84299,16727.84299,
1489,914136.5198,725934.661,188201.8587,188201.8587,
1490,1712280.706,1827625.453,-115344.7475,115344.7475,
1491,801194.6198,905700.5796,-104505.9598,104505.9598,
1492,1004430.324,1054123.437,-49693.11264,49693.11264,
1493,1587622.641,1554597.18,33025.46148,33025.46148,
1494,762208.9848,886569.2373,-124360.2525,124360.2525,
1495,1168993.738,1324399.613,-155405.8755,155405.8755,
1496,928950.0032,1096720.2,-167770.197,167770.197,
1497,1760734.69,1490906.43,269828.2603,269828.2603,
1498,1367641.27,1271225.198,96416.07258,96416.07258,
1499,856022.8625,626608.4332,229414.4293,229414.4293,
,,,,122023861.4,81349.24092
